True Strain (unitless),True Stress (Pa)
0.0,8538.461538461539
2.2799740083940214e-05,3897.524758974359
8.579631939044309e-05,16898.885697435897
0.00017998380194380657,39237.83076923077
0.00026696436184346796,62580.80717948718
0.00036093485517777135,99010.08871794872
0.00044789967796173436,136214.84307692308
0.0005408537122586368,178558.08615384615
0.0006407946472492813,222706.76615384614
0.0007377278119082139,264297.4717948718
0.0008176656203359375,300245.4
0.000910585291347383,328504.12307692313
0.0009945053156135283,367031.50000000006
0.0010894063813237807,395302.2051282051
0.0011793043471930548,423576.1538461538
0.0012691942321447361,454422.5384615385
0.0013590760376310355,480139.28205128206
0.0014489497651044385,503292.82051282056
0.0015388154160170385,523882.46153846156
0.0016186892154563147,531629.0769230769
0.001718522493964251,536819.1794871794
0.0018083639239010942,544573.6410256411
0.0018882161972377885,552323.9743589743
0.001978042383627785,557511.9487179487
0.0020878189883474793,565281.5384615385
0.0021676489505705098,565326.6666666667
0.0022674274424015982,565383.076923077
0.002347243068348212,565428.2051282052
0.002447003643051847,565484.6153846155
0.002536779651969968,565535.3846153846
0.002606599864949995,565574.8717948719
0.002696361547742533,565625.641025641
0.002796087302001188,565682.0512820513
0.002875860745464258,565727.1794871795
0.002975568601528825,565783.5897435897
0.0030652971726614566,565834.358974359
0.0031450491440728496,565879.4871794872
0.0032347625099292255,565930.2564102564
0.00331450096782978,573693.2307692309
0.0034141650997878445,573750.4102564104
0.003503854326676929,573801.8717948719
0.003583571331352775,573847.6153846155
0.0036732453662959904,576472.6153846154
0.003762911360527922,584245.6153846154
0.003852569315489954,584297.9999999999
0.003932258527605121,584344.5641025641
0.004031861113370578,584402.7692307692
0.004121494959170665,584455.1538461538
0.004221078699219889,584513.3589743589
0.004300738551692217,581984.7692307692
0.004390348301292854,576886.1538461539
0.004479950021705976,584664.6923076924
0.0045794980736328,584722.8974358975
0.004659129380723104,584769.4615384615
0.004748707022203849,589974.4615384615
0.004838276640249235,597756.9230769231
0.004927838236296666,605540.7692307692
0.005017391811783159,621057.0000000001
0.005106937368144686,636576.0
0.005196474906817492,652097.7692307692
0.005276057100343781,672771.0
0.005365579498410128,693454.4102564103
0.005455093882934326,719297.7692307692
0.00554460025535046,747724.1025641026
0.005634098617092891,770998.3333333333
0.005723588969595598,799434.358974359
0.005813071314291509,827875.4615384616
0.005912486751602471,864068.076923077
0.006001952195634335,895099.8461538462
0.006081470315867954,923548.205128205
0.006170920643663582,957170.4871794872
0.006260362970813945,988218.5641025641
0.006349797298749664,1016691.7435897436
0.006439223628901641,1047750.6666666666
0.0065286419627003925,1083976.9230769232
0.0066180523015753915,1120209.641025641
0.006707454646956389,1153867.4615384615
0.006796849000272751,1187531.2820512822
0.006886235362952801,1223782.923076923
0.006975613736425138,1260041.0256410255
0.007055054473677037,1296292.717948718
0.007154346521458501,1332576.6153846155
0.007243700935874374,1371436.8461538462
0.007333047366792006,1407721.0256410257
0.007422385815638084,1446594.8717948718
0.007501791070322612,1485460.8974358977
0.007591114445813035,1529515.4871794872
0.007690353284006152,1573593.5384615383
0.007769737264360694,1612480.0
0.007859036710267287,1653973.3333333333
0.007948328182495103,1698058.6153846157
0.008037611682467534,1744736.5384615385
0.008126887211608256,1788837.7435897437
0.008216154771340564,1832946.7948717952
0.008305414363086707,1879649.1794871797
0.008394665988269219,1923774.153846154
0.00848390964831025,1967906.9743589745
0.00857314534463091,2012047.641025641
0.00865245927913943,2058762.153846154
0.008741679936754785,2108091.5384615385
0.008830892634754553,2154842.846153846
0.008920097374559023,2206776.6153846155
0.009009294157587446,2256132.307692308
0.009098482985259353,2302909.2307692305
0.009187663858993896,2352282.230769231
0.009276836780209186,2404252.0000000005
0.009366001750323616,2458819.2307692305
0.009465064615698933,2516009.5384615385
0.00953440278292086,2560191.333333333
0.009623544791151383,2614786.4102564105
0.009712678853792336,2666802.051282051
0.009801804972260257,2718826.923076923
0.009890923147971308,2770861.0256410255
0.009950330853168092,2796923.076923077
0.010049335853001438,2874900.0
0.010148331051815136,2926989.7435897435
0.010247316451549499,2979089.743589744
0.010346292054144267,3057107.692307692
0.010445257861538604,3109230.769230769
0.010544213875671097,3161364.1025641025
0.01064316009847976,3239423.0769230765
0.01064316009847976,3291253.846153846
0.010742096531902029,3343415.3846153845
0.010841023177874769,3421507.692307692
0.010939940038334263,3473692.3076923075
0.011038847115216448,3551812.820512821
0.011137744410456021,3604020.512820513
0.011236631925987768,3682169.230769231
0.011335509663745679,3734400.0000000005
0.01143437762566317,3812576.9230769235
0.01143437762566317,3864448.717948718
0.011533235813673085,3942646.153846154
0.011632084229707696,3994917.948717949
0.011730922875698699,4073143.5897435895
0.011829751753577221,4125438.4615384615
0.011928570865273812,4203692.307692308
0.012027380212718455,4256010.256410256
0.012126179797840555,4334292.307692308
0.012224969622568948,4412589.743589744
0.012224969622568948,4490458.974358974
0.012323749688831903,4568779.487179487
0.01242251999855711,4621153.846153846
0.012521280553671691,4699502.564102564
0.012620031356102198,4777866.666666666
0.012718772407774612,4856246.153846154
0.012817503710614343,4934641.025641025
0.01291622526654623,5013051.282051282
0.013014937077494763,5091476.923076924
0.013113639145383204,5169917.94871795
0.013113639145383204,5247856.410256411
0.0132123314721349,5326320.512820514
0.013311014059672416,5378815.384615385
0.01340968690991774,5483294.871794872
0.013508350024792299,5561805.128205128
0.013607003406216947,5614338.461538462
0.013705647056111967,5692876.923076923
0.01380428097639708,5771430.769230769
0.013902905168991434,5850000.0
0.013902905168991434,5928000.0
0.01400151963581361,6006592.307692308
0.014100124378781626,6085200.0
0.014198719399812928,6189830.76923077
0.014297304700824394,6268471.794871795
0.01439588028373234,6347128.205128205
0.014494446150452511,6425799.999999999
0.014593002302900086,6504487.179487179
0.014691548742989682,6609210.256410256
0.014790085472635345,6687930.769230769
0.014790085472635345,6766000.0
0.014888612493750559,6844743.589743589
0.014987129808248238,6949530.769230768
0.015085637418040953,7028307.692307693
0.015184135325040055,7107100.000000001
0.015282623531156982,7211943.589743591
0.015381102038302391,7290769.230769232
0.015479570848386375,7369610.256410257
0.015578029963318462,7474510.256410257
0.015578029963318462,7552641.025641026
0.015676479385007616,7657569.230769232
0.01577491911536224,7736469.230769232
0.015873349156290163,7815384.615384615
0.015971769509698665,7894315.384615384
0.01607018017749446,7999317.948717949
0.01616858116158369,8078282.051282051
0.01626697246387194,8183323.076923076
0.01626697246387194,8261507.692307692
0.01646372603066503,8367400.0
0.01646372603066503,8445600.0
0.01656208829897823,8550707.692307692
0.01666044089310717,8629764.102564102
0.016758783814954624,8734910.256410256
0.016857117066422806,8813999.999999998
0.01695544064941337,8919184.615384616
0.01705375456582762,8998307.692307694
0.01715205881756566,9077446.153846156
0.01715205881756566,9181784.615384616
0.017250353406527672,9287035.897435898
0.017348638334613073,9366217.94871795
0.017446913603720703,9471507.692307694
0.017545179215748864,9576817.948717948
0.01764343517259528,9682148.71794872
0.017741681476157126,9761400.0
0.017839918128331016,9866769.23076923
0.017938145131012998,9972158.974358976
0.018036362486098575,10051461.538461538
0.018036362486098575,10155892.307692308
0.018134570195482678,10261330.76923077
0.018232768261059684,10366789.743589744
0.01833095668472342,10446153.846153846
0.018429135468367143,10551651.282051282
0.01852730461388356,10657169.23076923
0.01862546412316482,10762707.692307692
0.01872361399810251,10842141.025641026
0.018821754240587667,10947717.948717948
0.018821754240587667,11052230.769230768
0.018919884852510768,11131707.692307692
0.01901800583576195,11237333.333333334
0.019116117192230143,11342979.487179488
0.01921421892380437,11448646.153846154
0.019312311032372884,11554333.333333334
0.019410393519823387,11660041.025641026
0.019508466388043013,11739623.076923078
0.01960652963891835,11845369.230769232
0.01960652963891835,11949964.102564104
0.01970458327433543,12055741.025641026
0.01980262729617973,12161538.461538462
0.019900661706336174,12267356.41025641
0.019998686506689123,12347035.897435896
0.020096701699122397,12452892.307692308
0.020194707285519253,12558769.23076923
0.020292703267762394,12638499.999999998
0.02039068964773398,12744415.384615384
0.020488666427315602,12850351.282051282
0.020488666427315602,12955038.46153846
0.020586633608388312,13061005.128205128
0.020684591192832603,13166992.307692308
0.02078253918252841,13272999.999999998
0.02088047757935513,13379028.205128204
0.020978406385191814,13485076.923076926
0.02107632560191631,13591146.153846156
0.021174235231406567,13697235.897435898
0.02127213527553977,13803346.153846156
0.02127213527553977,13908115.384615386
0.021370025736192545,14014256.410256412
0.021467906615240975,14094220.512820514
0.021565777914560585,14226600.000000002
0.021663639636026355,14332802.564102564
0.02176149178151271,14412820.512820512
0.021859334352893528,14519061.53846154
0.021957167352042138,14625323.076923078
0.022054990780831313,14731605.128205128
0.022054990780831313,14836456.410256412
0.02215280464113328,14942769.230769232
0.022250608934819723,15049102.564102564
0.022348403663761767,15155456.410256408
0.022446188829829995,15261830.76923077
0.022543964434894436,15368225.64102564
0.022641730480824573,15500869.23076923
0.02273948696948934,15607307.69230769
0.022837233902757128,15713766.666666666
0.02293497128249599,15820246.153846156
0.02293497128249599,15925189.743589746
0.023032699110572784,16031700.0
0.023130417388854466,16138230.769230772
0.023228126119207243,16244782.051282052
0.023325825303496757,16351353.846153846
0.02342351494358811,16484194.871794872
0.023521195041345866,16590810.256410258
0.023618865598634027,16697446.153846154
0.023716526617316065,16804102.564102564
0.023716526617316065,16909128.205128208
0.023814178099254887,16989556.410256412
0.023911820046312877,17096261.53846154
0.024009452460351854,17202987.17948718
0.024107075343233104,17309733.333333332
0.02420468869681736,17416500.0
0.024302292522964817,17523287.17948718
0.02439988682353512,17630094.87179487
0.02449747160038737,17736923.076923076
0.02449747160038737,17842030.769230768
0.024595046855380134,17975169.230769232
0.024692612590371414,18082051.28205128
0.02479016880721869,18188953.846153844
0.024887715507778883,18295876.923076924
0.0249852526939086,18402820.512820516
0.025082780367463243,18509784.615384616
0.025180298530298326,18643064.102564104
0.025277807184268607,18723774.35897436
0.0253753063312283,18830800.000000004
0.0253753063312283,18936000.0
0.02547279597303107,19043056.410256412
0.025570276111530045,19150133.333333336
0.025667746748577813,19283538.461538464
0.025765207886026424,19390658.974358972
0.02586265952572737,19497800.0
0.025960101669531624,19604961.53846154
0.0260575343192896,19712143.589743588
0.02615495747685118,19819346.153846152
0.02615495747685118,19924628.205128208
0.0262523711440657,20031861.538461536
0.026349775322781963,20139115.384615384
0.02644717001484823,20272717.948717948
0.02654455522211221,20380015.384615384
0.026641930946421092,20487333.333333332
0.02673929718962151,20594671.794871792
0.026836653953559785,20702030.76923077
0.02693400124008104,20809410.25641026
0.02693400124008104,20914774.358974364
0.027031339051030518,21022184.615384616
0.027128667388252696,21155961.538461544
0.027225986253591527,21263415.384615384
0.02732329564889041,21370889.743589748
0.027420595575992218,21478384.615384616
0.02751788603673928,21585900.0
0.02761516703297339,21693435.8974359
0.02761516703297339,21772512.82051282
0.027809700639267233,21934933.333333332
0.027809700639267233,22014025.641025644
0.027906953253007866,22121633.333333332
0.028004196409597344,22255630.769230768
0.02810143011087478,22363282.051282052
0.028198654358678736,22470953.846153848
0.02829586915484725,22578646.153846152
0.02839307450121783,22686358.974358972
0.028490270399627426,22794092.307692308
0.028587456851912472,22901846.153846152
0.02868463385990886,23009620.512820512
0.02868463385990886,23115169.23076923
0.028781801425451947,23222974.358974356
0.02887895955037677,23357192.307692308
0.028976108236517188,23465041.025641028
0.029073247485707165,23572910.256410256
0.029170377299779924,23680800.0
0.029267497680568143,23788710.25641026
0.02936460862990398,23896641.025641024
0.02946171014961905,24004592.307692308
0.02946171014961905,24110223.07692308
0.02955880224154443,24218205.128205128
0.029655884907510675,24326207.692307692
0.0297529581493478,24434230.76923077
0.029850021968885292,24542274.35897436
0.0299470763679521,24650338.461538464
0.030044121348376644,24758423.07692308
0.030141156911986808,24866528.205128204
0.030238183060609946,24974653.846153848
0.030335199796072885,25082799.999999996
0.030335199796072885,25162092.307692308
0.030432207120201914,25243833.333333332
0.03052920503482279,25378461.538461536
0.030626193541760747,25486676.923076924
0.03072317264284048,25621353.846153844
0.030820142339886364,25729612.820512824
0.03091710263472161,25837892.30769231
0.03101405352916954,25946192.30769231
0.03101405352916954,26051987.17948718
0.03111099502505273,26160317.94871795
0.03120792712419322,26268669.230769236
0.03130484982841253,26377041.025641028
0.03140176313953164,26458974.35897436
0.031498667059371016,26726153.846153844
0.03159556158975058,26728743.589743588
0.03169244673248973,26731333.333333332
0.031789322489407336,26998615.384615388
0.03188618886232173,27001230.76923077
0.03188618886232173,27001230.76923077
0.03198304585305074,27268589.743589744
0.03207989346341165,27271230.769230768
0.0321767316952212,27538666.666666668
0.032273560550295635,27541333.333333332
0.032370380030450646,27544000.0
0.03246719013750141,27811538.46153846
0.03256399087326258,27814230.769230768
0.032660782239548276,28081846.153846152
0.032660782239548276,28081846.153846152
0.03275756423817229,28084564.102564108
0.03285433687094728,28352256.410256412
0.03295110013968598,28355000.000000004
0.03304785404620042,28622769.230769232
0.03314459859230209,28625538.461538464
0.033241333779801936,28628307.692307692
0.03333805961051041,28896179.487179488
0.03343477608623742,28898974.35897436
0.033531483208792345,29166923.076923076
0.033531483208792345,29166923.076923076
0.03362818097998406,29169743.589743588
0.033724869401620894,29437769.230769232
0.03382154847551066,29440615.384615388
0.033918218203460644,29443461.53846154
0.03401487858727762,29711589.743589744
0.03411152962876782,29714461.53846154
0.034208171329736956,29982666.666666668
0.03430480369199024,29985564.102564104
0.03430480369199024,29985564.102564104
0.03440142671733232,30253846.153846152
0.034498040407567356,30256769.23076923
0.034594644764498965,30525128.205128204
0.03469123978993026,30528076.92307692
0.034787825485664024,30531025.641025644
0.03488440185350188,30799487.179487184
0.034980968895245594,30802461.53846154
0.03507752661269616,30805435.8974359
0.03507752661269616,31071000.000000004
0.035174075007654085,31074000.0
0.03527061408191933,31077000.0
0.035367143837291344,31345641.025641028
0.03546366427556906,31348666.666666668
0.03556017539855088,31351692.307692308
0.035656677208034684,31620435.897435896
0.03575316970581784,31623487.17948718
0.0358496528936972,31892307.692307692
0.03594612677346909,31895384.615384612
0.03594612677346909,31895384.615384612
0.03604259134692931,32164282.051282052
0.03613904661587314,32167384.615384616
0.03623549258209536,32436358.974358976
0.036331929247390204,32439487.17948718
0.036428356613551406,32442615.384615384
0.03652477468237217,32711692.307692304
0.03662118345564541,32714846.15384616
0.03671758293516286,32718000.000000004
0.03671758293516286,32984000.000000004
0.0368139731227164,32987179.48717949
0.03691035402009715,32990358.97435898
0.03700672562909574,33259615.384615388
0.03710308795150226,33262820.512820516
0.037199440989106304,33266025.641025644
0.03729578474369693,33535384.615384616
0.03739211921706269,33538615.384615384
0.037488444410991605,33541846.153846156
0.037488444410991605,33808051.28205128
0.03758476032727121,33811307.692307696
0.037681066967688484,33814564.102564104
0.03777736433402992,34084102.56410256
0.03787365242808149,34087384.615384616
0.037969931251628626,34357000.0
0.03806620080645628,34360307.69230769
0.03816246109434886,34363615.384615384
0.03825871211709027,34366923.07692307
0.038354953876463906,34636666.666666664
0.038354953876463906,34636666.666666664
0.038451186374252634,34639999.99999999
0.03854740961223883,34909820.51282051
0.03864362359220453,34913179.487179495
0.03873982831593065,34916538.461538464
0.038836023785198216,35186461.53846154
0.03893221000178754,35189846.15384616
0.0390283869674784,35193230.769230776
0.03912455468405008,35463256.410256416
0.03912455468405008,35463256.410256416
0.03922071315328133,35466666.66666667
0.03931686237695041,35736769.23076923
0.03941300235683506,35740205.12820513
0.03950913309471249,35743641.025641024
0.03960525459235942,36013846.15384615
0.039701366851552046,36017307.692307696
0.03979746987406606,36020769.23076923
0.03989356366167662,36291076.92307692
0.03989356366167662,36291076.92307692
0.03998964821615841,36294564.102564104
0.04008572353928558,36298051.28205128
0.04018178963283176,36568461.538461536
0.04027784649857008,36571974.35897435
0.040373894138273164,36575487.179487176
0.04046993255371312,36845999.99999999
0.04056596174666175,36849538.461538464
0.04066198171888972,36853076.92307693
0.04066198171888972,36853076.92307693
0.040757992472167826,37123692.30769231
0.04085399400826612,37127256.41025641
0.04094998632895417,37130820.51282051
0.04104596943600102,37401538.461538464
0.04114194333117521,37405128.20512821
0.041237908016244766,37408717.94871795
0.04133386349297721,37412307.69230769
0.041429809763139556,37683153.84615385
0.04152574682849831,37686769.23076923
0.04152574682849831,37686769.23076923
0.04162167469081945,37957692.307692304
0.04171759335186847,37961333.33333333
0.04181350281341035,37964974.35897435
0.04190940307720956,37968615.384615384
0.04200529414503007,38239666.666666664
0.042101176018635326,38243333.33333333
0.04219704869978828,38246999.99999999
0.042292912190251365,38250666.666666664
0.04238876649178652,38521846.153846145
0.04238876649178652,38521846.153846145
0.042484611606155395,38525538.461538464
0.04258044753511848,38529230.76923077
0.042676274280436396,38532923.07692308
0.042772091843869056,38804230.769230776
0.04286790022717587,38807948.71794873
0.04296369943211572,38811666.66666667
0.04305948946044701,38815384.61538462
0.04305948946044701,39083076.92307693
0.04315527031392763,39086820.51282052
0.043251041994314954,39090564.102564104
0.043346804503365866,39094307.692307696
0.043442557842836724,39098051.28205129
0.04353830201448341,39369615.384615384
0.04363403702006128,39373384.615384616
0.0437297628613252,39377153.84615385
0.043825479540029515,39380923.07692308
0.043921187057928086,39384692.30769231
0.04401688541677426,39656410.256410256
0.04401688541677426,39656410.256410256
0.044112574618320875,39660205.12820513
0.04420825466432028,39664000.0
0.044303925556524314,39667794.87179487
0.044399587296684515,39939641.02564103
0.044495239886551304,39943461.53846154
0.04459088332787522,39947282.051282056
0.044686517622406094,39951102.56410257
0.04478214277189325,39954923.07692308
0.04478214277189325,40223076.92307693
0.0448777587780855,40226923.07692308
0.044973365642731196,40230769.23076923
0.045068963367578145,40234615.38461539
0.04516455195437366,40238461.53846154
0.045260131404864574,40242307.692307696
0.0453557017207972,40514461.53846154
0.04545126290391736,40518333.333333336
0.04554681495597036,40522205.12820513
0.04564235787870104,40526076.92307692
0.04564235787870104,40526076.92307692
0.0457378916738537,40529948.71794872
0.04583341634317215,40533820.51282051
0.045928931888399735,40806153.84615385
0.04602443831127925,40810051.28205128
0.046119935613553036,40813948.71794871
0.04621542379696289,40817846.15384615
0.04631090286325036,40821743.5897436
0.04631090286325036,40821743.5897436
0.046406372814155834,40825641.02564103
0.04650183365141986,40829538.461538464
0.04659728537678226,41102076.92307693
0.046692727991982354,41106000.00000001
0.04678816149875898,41109923.07692308
0.04688358589885046,41113846.15384616
0.04697900119399464,41117769.23076923
0.04707440738592885,41121692.30769231
0.04716980447638993,41125615.384615384
0.04716980447638993,41125615.384615384
0.04726519246711422,41129538.461538464
0.047360571359837574,41402307.692307696
0.04745594115629533,41406256.41025641
0.04755130185822235,41410205.12820513
0.047646653467352994,41414153.84615385
0.0477419959854211,41418102.56410256
0.04783732941416006,41422051.28205128
0.04793265375530272,41426000.0
0.04793265375530272,41426000.0
0.04802796901058147,41429948.71794871
0.048123275181728174,41433897.43589743
0.04821857227047444,41437846.15384616
0.048313860278550724,41441794.87179488
0.04840913920768763,41445743.58974359
0.048504409059615054,41718846.15384616
0.04859966983606241,41722820.51282052
0.0486949215387586,41726794.87179487
0.04879016416943205,41730769.23076923
0.04879016416943205,41730769.23076923
0.04888539772981066,41734743.58974359
0.04898062222162188,41738717.94871795
0.049075837646592645,41742692.30769231
0.04917104400644938,41746666.666666664
0.04926624130291805,41750641.025641024
0.04936142953772409,41754615.384615384
0.04945660871259249,41758589.743589744
0.04955177882924771,41762564.102564104
0.04955177882924771,41762564.102564104
0.04964693988941372,41766538.46153846
0.04974209189481401,41770512.82051282
0.049837234847171584,41774487.179487176
0.04993236874820893,41778461.538461536
0.05002749359964807,41782435.897435896
0.05012260940321052,41786410.256410256
0.050217716160617515,41790384.61538462
0.05031281387358918,41794358.974358976
0.05031281387358918,41794358.974358976
0.050407902543845765,41798333.333333336
0.05050298217310683,41802307.692307696
0.050598052763091435,41806282.051282056
0.050693114315518165,41810256.410256416
0.050788166832105096,41814230.76923077
0.05088321031456982,41818205.12820513
0.050978244764629456,41822179.48717949
0.05107327018400062,41826153.84615385
0.051168286574399424,41830128.20512821
0.051168286574399424,41830128.20512821
0.05126329393754151,41834102.56410256
0.05135829227514204,41838076.92307692
0.05145328158891566,41842051.28205128
0.051548261880576554,41846025.64102564
0.051643233151838386,41850000.0
0.05173819540441437,41853974.35897436
0.0518331486400172,41857948.71794871
0.051928092860359105,41861923.07692307
0.051928092860359105,41861923.07692307
0.05202302806715181,41865897.43589743
0.05211795426210677,41869871.7948718
0.052212871446934324,41873846.15384616
0.052307779623344944,41877820.51282052
0.05240267879304842,41881794.87179487
0.052497568957754044,41885769.23076923
0.05259245011917063,41889743.58974359
0.05268732227900649,41893717.94871795
0.05268732227900649,41893717.94871795
0.05278218543896948,41897692.30769231
0.05287703960076694,41901666.666666664
0.052971884766105724,41905641.025641024
0.05306672093669223,41639230.76923077
0.05316154811423234,41643179.48717949
0.053256366300431464,41647128.20512821
0.053351175496994536,41651076.92307692
0.05344597570562598,41655025.64102564
0.05354076692802976,41658974.35897436
0.05354076692802976,41658974.35897436
0.05363554916590934,41662923.07692307
0.05373032242096771,41666871.79487179
0.05382508669490737,41670820.51282051
0.05391984198943033,41674769.230769224
0.05401458830623835,41678717.94871795
0.05410932564703204,41682666.66666667
0.054204054013512186,41686615.38461539
0.054298773407378875,41690564.102564104
0.054298773407378875,41690564.102564104
0.0543934838303317,41694512.820512824
0.054488185284069776,41698461.53846154
0.05458287777029175,41702410.256410256
0.05467756129069576,41706358.974358976
0.05477223584697948,41710307.692307696
0.0548669014408401,41714256.41025641
0.054961558073974334,41718205.12820513
0.05505620574807839,41722153.84615385
0.05505620574807839,41722153.84615385
0.05515084446484802,41726102.56410256
0.055245474225978475,41730051.28205128
0.055340095033164546,41734000.0
0.055434706888100524,41737948.71794872
0.05552930979248023,41741897.43589743
0.05562390374799701,41745846.15384615
0.0557184887563437,41749794.87179487
0.0557184887563437,41749794.87179487
0.055813064819212686,41482615.384615384
0.055907631938296086,41486538.461538464
0.05600219011528488,41490461.53846154
0.05609673935187022,41494384.61538462
0.05619127964974256,41498307.692307696
0.05628581101059189,41502230.769230776
0.05638033343610769,41506153.84615385
0.05647484692797899,41510076.92307693
0.056569351487894326,41514000.0
0.056663847117541764,41517923.07692308
0.05675833381860888,41521846.15384615
0.05675833381860888,41521846.15384615
0.05685281159278279,41525769.23076923
0.05694728044175011,41529692.30769231
0.057041740367196996,41533615.384615384
0.057136191370809115,41537538.461538464
0.057230633454271665,41541461.538461536
0.05732506661926935,41545384.615384616
0.05741949086748642,41549307.69230769
0.05751390620060664,41553230.76923077
0.05751390620060664,41553230.76923077
0.057608312620313275,41557153.84615384
0.057702710128289154,41561076.92307692
0.057797098726216814,41565000.00000001
0.05789147841577768,41568923.07692308
0.05798584919865335,41572846.15384616
0.058080211076524724,41576769.23076923
0.058174564051072235,41580692.30769231
0.058268908123975824,41584615.38461539
0.058268908123975824,41584615.38461539
0.05836324329691498,41588538.461538464
0.05845756957156869,41592461.53846154
0.058551886949615495,41324512.820512824
0.05864619543273343,41328410.256410256
0.058740495022600085,41332307.692307696
0.058834785720892555,41336205.12820513
0.05892906752928747,41340102.56410257
0.059023340449460976,41344000.0
0.05911760448308876,41347897.43589743
0.05911760448308876,41347897.43589743
0.05921185963184603,41351794.87179487
0.05930610589740751,41355692.307692304
0.059400343281447464,41359589.743589744
0.05949457178563967,41363487.179487176
0.059588791411657446,41367384.615384616
0.05968300216117384,41371282.051282056
0.059777204035860794,41375179.487179495
0.059777204035860794,41375179.487179495
0.05987139703739042,41379076.92307693
0.05996558116743413,41382974.35897436
0.060059756427662876,41386871.7948718
0.060153922819747144,41390769.23076923
0.060248080345356926,41394666.66666667
0.06034222900616176,41398564.102564104
0.06043636880383071,41402461.53846154
0.06053049974003236,41406358.974358976
0.06062462181643484,41410256.410256416
0.0607187350347058,41414153.84615385
0.0607187350347058,41414153.84615385
0.0608128393965124,41418051.28205128
0.06090693490352136,41421948.71794872
0.06100102155739891,41425846.15384615
0.06109509935981083,41429743.58974359
0.061189168312422396,41161051.28205128
0.06128322841689845,41164923.07692307
0.06137727967490334,41168794.87179487
0.06137727967490334,41168794.87179487
0.06147132208810096,41172666.666666664
0.06156535565815473,41176538.46153846
0.06165938038672779,41180410.25641026
0.061753396275482215,41184282.051282056
0.06184740332608023,41188153.84615385
0.06194140154018336,41192025.64102565
0.0620353909194527,41195897.43589744
0.06212937146554883,41199769.23076923
0.06212937146554883,41199769.23076923
0.0622233431801319,41203641.02564103
0.062317306064861584,41207512.820512824
0.062411260121397076,41211384.615384616
0.06250520535139711,41215256.410256416
0.06259914175651995,41219128.20512821
0.0626930693384234,41223000.0
0.06278698809876479,41226871.79487179
0.062880898039201,41230743.58974359
0.06297479916138839,41234615.384615384
0.06297479916138839,41234615.384615384
0.06306869146698292,41238487.179487176
0.06316257495764005,41242358.974358976
0.06325644963501477,41246230.76923077
0.06335031550076162,41250102.56410256
0.06344417255653488,41253974.35897437
0.06353802080398753,40984615.384615384
0.06363186024477352,40988461.53846154
0.0637256908805449,40992307.692307696
0.0637256908805449,40992307.692307696
0.06381951271295411,40996153.84615385
0.06391332574365285,41000000.00000001
0.06400712997429242,41003846.15384616
0.06410092540652364,41007692.30769231
0.06419471204199682,41011538.461538464
0.06428848988236187,41015384.615384616
0.06438225892926822,41019230.769230776
0.06447601918436478,41023076.92307693
0.06456977064930007,41026923.07692308
0.06456977064930007,41026923.07692308
0.06466351332572212,41030769.23076923
0.0647572472152785,41034615.384615384
0.06485097231961627,41038461.538461536
0.0649446886403821,41042307.692307696
0.06503839617922215,41046153.84615385
0.06513209493778215,41050000.0
0.06522578491770732,41053846.15384615
0.06531946612064246,41057692.307692304
0.06531946612064246,41057692.307692304
0.06541313854823212,41061538.46153847
0.06550680220211971,41065384.61538462
0.06560045708394888,41069230.769230776
0.06569410319536252,41073076.92307693
0.06578774053800315,41076923.07692308
0.06588136911351276,41080769.23076923
0.06597498892353292,40810717.94871795
0.06606859996970471,40814538.461538464
0.06616220225366877,40818358.974358976
0.06616220225366877,40818358.974358976
0.06625579577706527,40822179.48717949
0.06634938054153391,40826000.0
0.06644295654871396,40829820.51282051
0.0665365238002442,40833641.025641024
0.06663008229776296,40837461.538461536
0.06672363204290813,40841282.051282056
0.06681717303731709,40845102.56410257
0.06691070528262681,40848923.07692308
0.06691070528262681,40848923.07692308
0.0670042287804738,40852743.58974359
0.06709774353249405,40856564.102564104
0.06719124954032338,40860384.61538462
0.06728474680559626,40864205.12820513
0.06737823532994819,40868025.64102565
0.06747171511501275,40871846.15384616
0.06756518616242388,40875666.66666667
0.06765864847381486,40879487.17948718
0.06765864847381486,40879487.17948718
0.06775210205081852,40883307.692307696
0.06784554689506724,40887128.20512821
0.0679389830081929,40890948.71794872
0.06803241039182698,40894769.23076923
0.06812582904760044,40898589.743589744
0.06821923897714385,40902410.256410256
0.06831264018208728,40906230.76923077
0.06840603266406037,40910051.28205129
0.06840603266406037,40635487.17948718
0.06849941642469226,40639282.051282056
0.06859279146561167,40643076.92307693
0.06868615778844686,40646871.79487179
0.06877951539482563,40650666.666666664
0.06887286428637532,40654461.538461536
0.06896620446472282,40658256.41025641
0.06905953593149455,40662051.28205128
0.06915285868831672,40665846.15384616
0.06924617273681441,40669641.02564103
0.06924617273681441,40669641.02564103
0.0693394780786129,40673435.8974359
0.06943277471533682,40677230.769230776
0.0695260626486103,40681025.64102565
0.06961934188005707,40684820.51282052
0.06971261241130035,40688615.38461539
0.06980587424396294,40692410.25641026
0.06989912737966719,40696205.128205135
0.069992371820035,40700000.0
0.069992371820035,40700000.0
0.07008560756668776,40703794.87179487
0.0701788346212465,40707589.743589744
0.07027205298533169,40711384.615384616
0.07036526266056345,40715179.48717949
0.07045846364856137,40718974.35897436
0.07055165595094465,40722769.23076923
0.07064483956933196,40726564.102564104
0.07073801450534159,40730358.974358976
0.07073801450534159,40455153.84615385
0.07083118076059135,40458923.07692308
0.07092433833669858,40462692.307692304
0.07101748723528019,40466461.538461536
0.07111062745795285,40470230.769230776
0.07120375900633215,40474000.00000001
0.07129688188203383,40477769.23076924
0.071389996086673,40481538.46153847
0.07148310162186432,40485307.692307696
0.07157619848922196,40489076.92307693
0.07157619848922196,40489076.92307693
0.07166928669035968,40492846.15384616
0.07176236622689079,40496615.38461539
0.0718554371004281,40500384.615384616
0.07194849931258404,40504153.84615385
0.07204155286497053,40507923.07692308
0.07213459775919909,40511692.30769231
0.07222763399688073,40515461.53846154
0.07232066157962608,40519230.76923077
0.07241368050904526,40523000.0
0.07241368050904526,40523000.0
0.07250669078674798,40526769.23076923
0.07259969241434348,40530538.461538464
0.07269268539344058,40258564.102564104
0.0727856697256476,40262307.692307696
0.07287864541257266,40266051.28205129
0.0729716124558228,40269794.87179488
0.07306457085700523,40273538.46153847
0.0731575206177265,40277282.051282056
0.0731575206177265,40277282.051282056
0.07325046173959274,40281025.64102565
0.07334339422420959,40284769.23076924
0.07343631807318227,40288512.820512824
0.07352923328811553,40292256.410256416
0.07362213987061371,40296000.00000001
0.07371503782228069,40299743.58974359
0.07380792714471986,40303487.17948718
0.07390080783953422,40307230.769230776
0.07399367990832628,40310974.35897436
0.07399367990832628,40310974.35897436
0.07408654335269817,40314717.94871795
0.07417939817425147,40318461.53846154
0.07427224437458742,40322205.12820513
0.07436508195530674,40325948.71794872
0.07445791091800973,40329692.30769231
0.07455073126429625,40057179.48717949
0.07464354299576571,40060897.43589744
0.07464354299576571,40060897.43589744
0.07473634611401708,40064615.384615384
0.07482914062064908,40068333.33333334
0.07492192651725935,40072051.28205129
0.07501470380544575,40075769.23076924
0.07510747248680548,40079487.17948718
0.07520023256293525,40083205.128205135
0.07529298403543135,40086923.07692308
0.07538572690588966,40090641.02564103
0.07547846117590556,40094358.97435898
0.07547846117590556,40094358.97435898
0.07557118684707403,40098076.92307693
0.0756639039209896,40101794.87179488
0.07575661239924632,40105512.820512824
0.07584931228343783,40109230.769230776
0.07594200357515733,40112948.71794872
0.07603468627599758,40116666.66666667
0.07612736038755084,39843692.307692304
0.07622002591140901,39847384.61538461
0.07622002591140901,39847384.61538461
0.07631268284916351,39851076.92307692
0.0764053312024053,39854769.230769224
0.0764979709727249,39858461.53846153
0.07659060216171264,39862153.84615385
0.07668322477095754,39865846.153846145
0.07677583880204963,39869538.461538464
0.07686844425657707,39873230.76923077
0.0769610411361284,39876923.07692308
0.07705362944229147,39880615.384615384
0.07705362944229147,39880615.384615384
0.07714620917665374,39884307.69230769
0.07723878034080223,39888000.0
0.07733134293632347,39891692.307692304
0.07742389696480363,39895384.615384616
0.07751644242782835,39899076.92307692
0.07760897932698288,39625666.666666664
0.07770150766385203,39629333.33333333
0.07779402744002016,39633000.0
0.07779402744002016,39633000.0
0.0778865386570712,39636666.666666664
0.0779790413165886,39640333.33333333
0.07807153542015544,39643999.99999999
0.07816402096935429,39647666.666666664
0.07825649796576735,39651333.33333333
0.07834896641097631,39654999.99999999
0.07844142630656249,39658666.66666666
0.07853387765410694,39662333.333333336
0.07853387765410694,39662333.333333336
0.07862632045518962,39666000.0
0.07871875471139075,39669666.666666664
0.07881118042428985,39395897.43589744
0.078903597595466,39399538.461538464
0.07899600622649788,39403179.48717949
0.07908840631896372,39406820.51282051
0.07918079787444125,39410461.538461536
0.07927318089450788,39414102.56410256
0.07936555538074047,39417743.589743584
0.07936555538074047,39417743.589743584
0.07945792133471552,39421384.615384616
0.07955027875800905,39425025.64102564
0.07964262765219667,39428666.666666664
0.07973496801885352,39432307.69230769
0.07982729985955435,39435948.71794871
0.07991962317587344,39439589.74358974
0.08001193796938463,39165461.538461536
0.08010424424166136,39169076.92307692
0.08010424424166136,39169076.92307692
0.0801965419942766,39172692.307692304
0.0802888312288029,39176307.69230769
0.08038111194681236,39179923.07692307
0.08047338414987687,39183538.461538464
0.08056564783956725,39187153.84615385
0.08065790301745454,39190769.23076923
0.08075014968510907,39194384.615384616
0.0808423878441008,39198000.0
0.08093461749599924,39201615.384615384
0.08093461749599924,38923589.743589744
0.08102683864237344,38927179.48717949
0.08111905128479203,38930769.23076923
0.08121125542482323,38934358.974358976
0.08130345106403479,38937948.71794872
0.08139563820399406,38941538.46153846
0.08148781684626792,38945128.2051282
0.08157998699242285,38948717.948717944
0.08167214864402486,38952307.69230769
0.08167214864402486,38952307.69230769
0.08176430180263958,38677641.025641024
0.08185644646983214,38681205.12820513
0.08194858264716733,38684769.230769224
0.0820407103362094,38688333.33333333
0.08213282953852225,38691897.43589743
0.0822249402556695,38695461.53846154
0.08231704248921375,38699025.64102564
0.0824091362407178,38702589.743589744
0.0824091362407178,38424153.84615385
0.08250122151174377,38427692.30769231
0.08259329830385337,38431230.76923077
0.0826853666186079,38434769.23076923
0.08277742645756819,38438307.692307696
0.08286947782229466,38441846.15384615
0.0829615207143473,38166794.87179487
0.08305355513528566,38170307.692307696
0.08314558108666886,38173820.51282051
0.08314558108666886,38173820.51282051
0.08323759857005561,38177333.333333336
0.08332960758700417,38180846.15384615
0.08342160813907236,37905641.025641024
0.08351360022781759,37909128.2051282
0.08360558385479686,37912615.384615384
0.08369755902156667,37916102.56410256
0.08378952572968316,37640769.23076923
0.08388148398070203,37644230.76923077
0.08397343377617851,37647692.307692304
0.08397343377617851,37647692.307692304
0.08406537511766743,37372256.41025641
0.08415730800672341,37375692.30769231
0.0842492324449,37379128.20512821
0.08434114843375096,37103589.74358975
0.08443305597482938,37107000.00000001
0.08452495506968796,37110410.25641026
0.08461684571987896,36834769.23076923
0.0847087279269542,36838153.84615385
0.0847087279269542,36559076.92307693
0.0848006016924651,36562435.8974359
0.08489246701796262,36286666.666666664
0.08498432390499729,36290000.0
0.08507617235511926,36014153.84615385
